,0
0,lydiascakess
1,constellationinspiration
2,earth.wind.and.flour
3,blondieandrye
4,ledolcitentazioni
5,robyns_cakes
6,ggbakes_
7,_food.lust_
8,thehangryhuman
9,inmaromeroactriz
10,__th_an_at_os__
11,noemigiambirtone
12,yamiwellwishers
13,mr_m_4_shiftr
14,arshid_rahman10
15,officialshrutisharma
16,ekaterinagerner86
17,ideapocket_official
18,must_act
19,penny_jayxx
20,jennaleighmiller
21,royaloperahouse
22,_x_x_theekshana_x_x_
23,jonathanoboyle
24,liudmila_khitrova
25,shm.fox
26,juliettefrancest
